word,country,n,mean_lengths,n_strokes,H,H.scaled
squiggle,Australia,2984,58.07886320744699,1.845509383378016,0.5117796318527953,0.4237974610738445
squiggle,Brazil,1599,47.195023211525395,1.8686679174484053,0.3718149733443613,0.49212207344262465
squiggle,Canada,4744,48.86915341239014,1.62141652613828,0.5027967058313381,0.4193176246504634
squiggle,Germany,2334,55.40880520489406,2.4400171379605826,0.5425273518577272,0.4626753879676917
squiggle,Russia,1830,47.210036160226494,2.6683060109289616,0.5541201189830337,0.46029764915921195
squiggle,United Kingdom,9633,60.442205665979266,1.6630333229523513,0.22406960434561007,0.28549561831101894
squiggle,United States,64421,46.988280255215464,1.528802719610065,0.13693020019452687,0.24272062104736586
